sampleID,collection,Julian.date,sampling.day,sampling.date,Block,Spp,Density,tree,DBH,Ht,tissue,N_fraction,C_fraction,sugar_fraction,starch_fraction,tot_NSC_fraction,prop_sugar
6,1-leaf out,111,1,4/21/2019,B1,C,2m,975,6.1,9.8,Branches,0.0033,0.4611,0.030614266,0.017629012,0.0482,0.634854772
46,1-leaf out,111,1,4/21/2019,B4,C,2m,10,9.4,11.5,Branches,0.00495,0.47695,0.033444074,0.053174583,0.0866,0.385681293
30,1-leaf out,111,1,4/21/2019,B3,C,2m,802,11.3,11.2,Branches,0.0047,0.46195,0.028363322,0.068247864,0.0966,0.293995859
22,1-leaf out,111,1,4/21/2019,B3,C,2m,800,11.5,11.6,Branches,0.0049,0.4818,0.04056629,0.069138941,0.1097,0.370100273
38,1-leaf out,111,1,4/21/2019,B4,C,2m,3,12.7,11,Branches,0.00495,0.4687,0.036176598,0.028622038,0.0648,0.558641975
14,1-leaf out,111,1,4/21/2019,B1,C,2m,983,14.2,16,Branches,0.0038,0.4793,0.028807043,0.050891012,0.0797,0.361355082
86,2-shoot expansion,156,45,6/5/2019,B4,C,2m,16,8.5,11.9,Branches,0.0011,0.4559,0.036310709,0.000922769,0.0372,0.975806452
70,2-shoot expansion,156,45,6/5/2019,B3,C,2m,789,9.8,10.3,Branches,0.0024,0.4486,0.033083307,0.000550837,0.0337,0.982195846
62,2-shoot expansion,156,45,6/5/2019,B1,C,2m,988,11.8,14.2,Branches,0.0023,0.4732,0.058830028,0.000943375,0.0597,0.984924623
78,2-shoot expansion,156,45,6/5/2019,B3,C,2m,794,12.8,11.2,Branches,0.0026,0.4421,0.042578678,0.000803987,0.0434,0.98156682
54,2-shoot expansion,156,45,6/5/2019,B1,C,2m,971,13.1,11.6,Branches,0.0014,0.4487,0.032435443,0.000777519,0.0332,0.975903614
94,2-shoot expansion,156,45,6/5/2019,B4,C,2m,23,15.6,12.3,Branches,0.0009,0.471,0.038638018,0.001324712,0.0399,0.967418546
118,3-bud set,233,122,8/21/2019,B3,C,2m,787,7.3,10.2,Branches,0.0033,0.4515,0.050814491,0.010780585,0.0616,0.824675325
102,3-bud set,233,122,8/21/2019,B1,C,2m,968,7.4,10.9,Branches,0.0013,0.4603,0.038194444,0.015001253,0.0532,0.718045113
110,3-bud set,233,122,8/21/2019,B1,C,2m,981,10.1,12.4,Branches,0.0015,0.4633,0.05026455,0.026772459,0.0771,0.652399481
126,3-bud set,233,122,8/21/2019,B3,C,2m,795,10.6,10.3,Branches,0.0018,0.4461,0.05084413,0.00277395,0.0536,0.947761194
134,3-bud set,233,122,8/21/2019,B4,C,2m,9,11.9,10.4,Branches,0.0017,0.4641,0.059494196,0.022322592,0.0818,0.727383863
142,3-bud set,233,122,8/21/2019,B4,C,2m,11,12.5,10.6,Branches,0.0026,0.4579,0.034266018,0.050583228,0.0849,0.404004711
158,4-leaf fall,293,182,10/20/2019,B1,C,2m,976,7.3,11.7,Branches,0.0031,0.4616,0.027253669,0.059360896,0.0867,0.314878893
182,4-leaf fall,293,182,10/20/2019,B4,C,2m,17,7.8,11.3,Branches,0.002,0.4673,0.026105717,0.068121612,0.0942,0.277070064
174,4-leaf fall,293,182,10/20/2019,B3,C,2m,788,9.3,10.5,Branches,0.0007,0.4858,0.029723992,0.054024915,0.0837,0.35483871
150,4-leaf fall,293,182,10/20/2019,B1,C,2m,970,11,11.1,Branches,NA,NA,0.038731542,0.095776835,0.1345,0.287732342
166,4-leaf fall,293,182,10/20/2019,B3,C,2m,783,12.8,12.5,Branches,0.0028,0.47685,0.055094514,0.044367729,0.0995,0.553768844
190,4-leaf fall,293,182,10/20/2019,B4,C,2m,22,15.2,13.1,Branches,0.0016,0.45295,0.035493827,0.062948331,0.0984,0.360772358
204,5-dormancy,25,253,1/25/2020,B1,C,2m,982,7.7,11.9,Branches,0.001,0.4541,0.086851043,0.008038233,0.0949,0.915700738
197,5-dormancy,25,253,1/25/2020,B1,C,2m,977,9.1,12.5,Branches,NA,0.44655,0.001992032,0.000539242,0.0025,0.8
225,5-dormancy,25,253,1/25/2020,B4,C,2m,8,11.4,10.1,Branches,0.0005,0.4898,0.098265896,0.006571891,0.1049,0.937082936
211,5-dormancy,25,253,1/25/2020,B3,C,2m,796,11.9,10.9,Branches,0.0009,0.4668,0.09039548,0.009405654,0.0998,0.905811623
218,5-dormancy,25,253,1/25/2020,B3,C,2m,801,12.3,11.2,Branches,0.0008,0.4788,0.088975694,0.00444116,0.0934,0.952890792
232,5-dormancy,25,253,1/25/2020,B4,C,2m,21,19.1,13.4,Branches,0.00265,0.43785,0.081196581,0.002849466,0.084,0.966666667
274,6-sap flow,55,283,3/5/2020,B4,C,2m,6,6.9,9.6,Branches,NA,NA,0.082328042,0.023615292,0.1059,0.777148253
246,6-sap flow,55,283,3/5/2020,B1,C,2m,989,7.2,11.5,Branches,0.0016,0.5083,0.007585899,0.000217429,0.0078,0.974358974
253,6-sap flow,55,283,3/5/2020,B3,C,2m,791,10.5,10,Branches,0.0043,0.4689,0.06779661,0.022940619,0.0907,0.747519294
260,6-sap flow,55,283,3/5/2020,B3,C,2m,804,12.3,9.5,Branches,0.0035,0.4469,0.075233746,0.018329151,0.0935,0.804278075
239,6-sap flow,55,283,3/5/2020,B1,C,2m,984,18.2,14.9,Branches,0.0042,0.4781,0.070154811,0.033515152,0.1037,0.676952748
267,6-sap flow,55,283,3/5/2020,B4,C,2m,1,19.7,13.5,Branches,0.0031,0.4829,0.07037037,0.040870287,0.1113,0.632524708
322,7-leaf out II,107,335,4/16/2020,B4,C,2m,5,8.3,10.3,Branches,0.0026,0.4417,0.019149674,0.002447261,0.0215,0.888372093
298,7-leaf out II,107,335,4/16/2020,B3,C,2m,782,9.7,12.5,Branches,NA,NA,0.04818384,0.056275364,0.1045,0.461244019
314,7-leaf out II,107,335,4/16/2020,B4,C,2m,2,11,10.7,Branches,NA,NA,0.052565125,0.03146427,0.0841,0.625445898
306,7-leaf out II,107,335,4/16/2020,B3,C,2m,786,11.8,10,Branches,NA,NA,0.054279793,0.044058223,0.0984,0.551829268
282,7-leaf out II,107,335,4/16/2020,B1,C,2m,962,13.2,13.4,Branches,NA,NA,0.047467007,0.034952363,0.0825,0.575757576
290,7-leaf out II,107,335,4/16/2020,B1,C,2m,964,14.1,14.5,Branches,NA,NA,0.040203225,0.030998569,0.0712,0.564606742
1,1-leaf out,111,1,4/21/2019,B1,C,2m,975,6.1,9.8,Coarse roots,0.0024,0.3837,0.074693139,0.014426226,0.0891,0.838383838
41,1-leaf out,111,1,4/21/2019,B4,C,2m,10,9.4,11.5,Coarse roots,0.0032,0.3885,0.04963774,0.110162872,0.1598,0.310387985
25,1-leaf out,111,1,4/21/2019,B3,C,2m,802,11.3,11.2,Coarse roots,0.0044,0.4119,0.101140462,0.097890291,0.199,0.508040201
17,1-leaf out,111,1,4/21/2019,B3,C,2m,800,11.5,11.6,Coarse roots,0.0049,0.3866,0.059378596,0.164745915,0.2241,0.265060241
33,1-leaf out,111,1,4/21/2019,B4,C,2m,3,12.7,11,Coarse roots,0.00275,0.3934,0.061259596,0.148529746,0.2098,0.292183031
9,1-leaf out,111,1,4/21/2019,B1,C,2m,983,14.2,16,Coarse roots,0.0061,0.3691,0.087612717,0.176722549,0.2643,0.331441544
81,2-shoot expansion,156,45,6/5/2019,B4,C,2m,16,8.5,11.9,Coarse roots,0.0024,0.3277,0.065485689,0.121790138,0.1873,0.349706353
65,2-shoot expansion,156,45,6/5/2019,B3,C,2m,789,9.8,10.3,Coarse roots,0.002,0.4188,0.080130443,0.093947225,0.174,0.460344828
57,2-shoot expansion,156,45,6/5/2019,B1,C,2m,988,11.8,14.2,Coarse roots,0.0024,0.3873,0.067473262,0.118903097,0.1864,0.362124464
73,2-shoot expansion,156,45,6/5/2019,B3,C,2m,794,12.8,11.2,Coarse roots,0.0035,0.3798,0.069934724,0.024186743,0.0941,0.74282678
49,2-shoot expansion,156,45,6/5/2019,B1,C,2m,971,13.1,11.6,Coarse roots,0.0013,0.3738,0.062781162,0.089892282,0.1527,0.411263916
89,2-shoot expansion,156,45,6/5/2019,B4,C,2m,23,15.6,12.3,Coarse roots,0.0025,0.3805,0.078459669,0.028685505,0.1072,0.732276119
113,3-bud set,233,122,8/21/2019,B3,C,2m,787,7.3,10.2,Coarse roots,0.0031,0.4007,0.107674685,0.052130547,0.1598,0.673967459
97,3-bud set,233,122,8/21/2019,B1,C,2m,968,7.4,10.9,Coarse roots,0.0023,0.3848,0.070991007,0.036843011,0.1078,0.658627087
105,3-bud set,233,122,8/21/2019,B1,C,2m,981,10.1,12.4,Coarse roots,0.0024,0.4024,0.061705989,0.114371685,0.1761,0.350369108
121,3-bud set,233,122,8/21/2019,B3,C,2m,795,10.6,10.3,Coarse roots,0.0026,0.4108,0.081397782,0.050673279,0.1321,0.616199849
129,3-bud set,233,122,8/21/2019,B4,C,2m,9,11.9,10.4,Coarse roots,0.0038,0.3988,0.062765055,0.012295121,0.0751,0.836218375
137,3-bud set,233,122,8/21/2019,B4,C,2m,11,12.5,10.6,Coarse roots,0.0024,0.4017,0.066046733,0.010107657,0.0761,0.867279895
153,4-leaf fall,293,182,10/20/2019,B1,C,2m,976,7.3,11.7,Coarse roots,0.0012,0.4229,0.04718417,0.137627554,0.1848,0.255411255
177,4-leaf fall,293,182,10/20/2019,B4,C,2m,17,7.8,11.3,Coarse roots,0.0005,0.3718,0.058717254,0.153836435,0.2125,0.276235294
169,4-leaf fall,293,182,10/20/2019,B3,C,2m,788,9.3,10.5,Coarse roots,0.0011,0.3592,0.061132561,0.212796829,0.2739,0.223074115
145,4-leaf fall,293,182,10/20/2019,B1,C,2m,970,11,11.1,Coarse roots,0.0032,0.3932,0.062213039,0.122262125,0.1845,0.337127371
161,4-leaf fall,293,182,10/20/2019,B3,C,2m,783,12.8,12.5,Coarse roots,0.0032,0.3848,0.055028463,0.181733235,0.2367,0.232361639
185,4-leaf fall,293,182,10/20/2019,B4,C,2m,22,15.2,13.1,Coarse roots,0.0003,0.4016,0.065504136,0.12984852,0.1953,0.335381464
200,5-dormancy,25,253,1/25/2020,B1,C,2m,982,7.7,11.9,Coarse roots,0.003,0.3678,0.108278867,0.092887017,0.2012,0.538270378
193,5-dormancy,25,253,1/25/2020,B1,C,2m,977,9.1,12.5,Coarse roots,0.0011,0.354,0.072689512,0.117994539,0.1907,0.381227058
221,5-dormancy,25,253,1/25/2020,B4,C,2m,8,11.4,10.1,Coarse roots,0.0009,0.3815,0.112005366,0.142049053,0.254,0.440944882
207,5-dormancy,25,253,1/25/2020,B3,C,2m,796,11.9,10.9,Coarse roots,0.001,0.415,0.129550827,0.000575956,0.1302,0.995391705
214,5-dormancy,25,253,1/25/2020,B3,C,2m,801,12.3,11.2,Coarse roots,0.0025,0.3658,0.152046784,0.0394995,0.1915,0.793733681
228,5-dormancy,25,253,1/25/2020,B4,C,2m,21,19.1,13.4,Coarse roots,0.002,0.3806,0.1356974,0.077293291,0.213,0.637089202
270,6-sap flow,55,283,3/5/2020,B4,C,2m,6,6.9,9.6,Coarse roots,0.0038,0.3715,0.076068376,0.060699114,0.1368,0.55628655
242,6-sap flow,55,283,3/5/2020,B1,C,2m,989,7.2,11.5,Coarse roots,0.004,0.396,0.104800541,0.180868867,0.2857,0.366818341
249,6-sap flow,55,283,3/5/2020,B3,C,2m,791,10.5,10,Coarse roots,0.0002,0.3912,0.084054114,0.086883131,0.171,0.491812865
256,6-sap flow,55,283,3/5/2020,B3,C,2m,804,12.3,9.5,Coarse roots,0.001,0.4093,0.077001634,0.122710384,0.1997,0.385578368
235,6-sap flow,55,283,3/5/2020,B1,C,2m,984,18.2,14.9,Coarse roots,0.0015,0.39425,0.120703437,0.101658301,0.2224,0.542715827
263,6-sap flow,55,283,3/5/2020,B4,C,2m,1,19.7,13.5,Coarse roots,0.0034,0.4457,0.103092784,0.050009604,0.1531,0.673416068
317,7-leaf out II,107,335,4/16/2020,B4,C,2m,5,8.3,10.3,Coarse roots,0.0018,0.3858,0.078616352,0.108484024,0.1871,0.420096205
293,7-leaf out II,107,335,4/16/2020,B3,C,2m,782,9.7,12.5,Coarse roots,NA,NA,0.078335658,0.091630016,0.1699,0.460859329
309,7-leaf out II,107,335,4/16/2020,B4,C,2m,2,11,10.7,Coarse roots,NA,NA,0.061631944,0.093687338,0.1553,0.396651642
301,7-leaf out II,107,335,4/16/2020,B3,C,2m,786,11.8,10,Coarse roots,NA,NA,0.061166117,0.02047666,0.0817,0.749082007
277,7-leaf out II,107,335,4/16/2020,B1,C,2m,962,13.2,13.4,Coarse roots,0.0012,0.3884,0.056400507,0.117954907,0.1744,0.323394495
285,7-leaf out II,107,335,4/16/2020,B1,C,2m,964,14.1,14.5,Coarse roots,0.0002,0.4458,0.07200763,0.037409947,0.1094,0.658135283
2,1-leaf out,111,1,4/21/2019,B1,C,2m,975,6.1,9.8,Fine roots,0.0048,0.3481,0.050231651,0.000965881,0.0512,0.98046875
42,1-leaf out,111,1,4/21/2019,B4,C,2m,10,9.4,11.5,Fine roots,0.00805,0.3527,0.059097286,0.039529158,0.0986,0.599391481
26,1-leaf out,111,1,4/21/2019,B3,C,2m,802,11.3,11.2,Fine roots,0.00635,0.35085,0.069733634,0.01846467,0.0882,0.790249433
18,1-leaf out,111,1,4/21/2019,B3,C,2m,800,11.5,11.6,Fine roots,0.0056,0.3819,0.053116009,0.026095036,0.0792,0.670454545
34,1-leaf out,111,1,4/21/2019,B4,C,2m,3,12.7,11,Fine roots,0.00625,0.3483,0.043651764,0.01501185,0.0587,0.744463373
10,1-leaf out,111,1,4/21/2019,B1,C,2m,983,14.2,16,Fine roots,0.0068,0.3935,0.053506801,0.020164485,0.0737,0.725915875
82,2-shoot expansion,156,45,6/5/2019,B4,C,2m,16,8.5,11.9,Fine roots,0.0058,0.332,0.030246158,0.003569952,0.0338,0.893491124
66,2-shoot expansion,156,45,6/5/2019,B3,C,2m,789,9.8,10.3,Fine roots,0.0056,0.3165,0.058288244,0,0.0583,1
58,2-shoot expansion,156,45,6/5/2019,B1,C,2m,988,11.8,14.2,Fine roots,0.0044,0.3351,0.04933976,0.011567573,0.0609,0.80952381
74,2-shoot expansion,156,45,6/5/2019,B3,C,2m,794,12.8,11.2,Fine roots,NA,NA,0.098305808,0,0.0983,1
50,2-shoot expansion,156,45,6/5/2019,B1,C,2m,971,13.1,11.6,Fine roots,0.004,0.4203,0.06515735,0.002602906,0.0678,0.961651917
90,2-shoot expansion,156,45,6/5/2019,B4,C,2m,23,15.6,12.3,Fine roots,0.0067,0.3202,0.054072604,0.001411294,0.0555,0.974774775
114,3-bud set,233,122,8/21/2019,B3,C,2m,787,7.3,10.2,Fine roots,0.0048,0.4023,0.059005472,0.022490649,0.0815,0.72392638
98,3-bud set,233,122,8/21/2019,B1,C,2m,968,7.4,10.9,Fine roots,0.0055,0.3185,0.028166355,0.004184652,0.0324,0.87037037
106,3-bud set,233,122,8/21/2019,B1,C,2m,981,10.1,12.4,Fine roots,0.0066,0.3307,0.059077482,0.012289416,0.0714,0.827731092
122,3-bud set,233,122,8/21/2019,B3,C,2m,795,10.6,10.3,Fine roots,0.0058,0.3576,0.054763521,0.010034068,0.0648,0.845679012
130,3-bud set,233,122,8/21/2019,B4,C,2m,9,11.9,10.4,Fine roots,0.0048,0.3204,0.051765216,0.004115896,0.0559,0.926654741
138,3-bud set,233,122,8/21/2019,B4,C,2m,11,12.5,10.6,Fine roots,0.0041,0.3244,0.029459522,0.002260537,0.0318,0.927672956
154,4-leaf fall,293,182,10/20/2019,B1,C,2m,976,7.3,11.7,Fine roots,0.0027,0.3129,0.036723164,0.047028269,0.0837,0.438470729
178,4-leaf fall,293,182,10/20/2019,B4,C,2m,17,7.8,11.3,Fine roots,0.0057,0.3751,0.05126371,0.042754225,0.0941,0.545164718
170,4-leaf fall,293,182,10/20/2019,B3,C,2m,788,9.3,10.5,Fine roots,0.0056,0.3378,0.058467272,0.057544884,0.116,0.504310345
146,4-leaf fall,293,182,10/20/2019,B1,C,2m,970,11,11.1,Fine roots,NA,NA,0.038787879,0.011221717,0.05,0.776
162,4-leaf fall,293,182,10/20/2019,B3,C,2m,783,12.8,12.5,Fine roots,NA,NA,0.063768116,0.071794164,0.1356,0.470501475
186,4-leaf fall,293,182,10/20/2019,B4,C,2m,22,15.2,13.1,Fine roots,0.0026,0.2761,0.036603855,0.033665918,0.0703,0.520625889
201,5-dormancy,25,253,1/25/2020,B1,C,2m,982,7.7,11.9,Fine roots,0.0049,0.3203,0.084725887,0.052711369,0.1374,0.616448326
194,5-dormancy,25,253,1/25/2020,B1,C,2m,977,9.1,12.5,Fine roots,0.0013,0.3271,0.046723647,0.000832921,0.0475,0.983157895
222,5-dormancy,25,253,1/25/2020,B4,C,2m,8,11.4,10.1,Fine roots,0.0031,0.3145,0.09262608,0.081258743,0.1739,0.532489937
208,5-dormancy,25,253,1/25/2020,B3,C,2m,796,11.9,10.9,Fine roots,0.0016,0.3397,0.12745098,0.068869088,0.1964,0.649185336
215,5-dormancy,25,253,1/25/2020,B3,C,2m,801,12.3,11.2,Fine roots,0.0049,0.3385,0.039660914,0.00088512,0.0406,0.977832512
229,5-dormancy,25,253,1/25/2020,B4,C,2m,21,19.1,13.4,Fine roots,NA,NA,0.105050505,0.010827972,0.1159,0.906816221
271,6-sap flow,55,283,3/5/2020,B4,C,2m,6,6.9,9.6,Fine roots,0.0006,0.3279,0.047276688,0.002335445,0.0496,0.953629032
243,6-sap flow,55,283,3/5/2020,B1,C,2m,989,7.2,11.5,Fine roots,0.0019,0.3374,0.052352551,0.012162633,0.0646,0.811145511
250,6-sap flow,55,283,3/5/2020,B3,C,2m,791,10.5,10,Fine roots,0.0008,0.3258,0.055555556,0.004204042,0.0598,0.929765886
257,6-sap flow,55,283,3/5/2020,B3,C,2m,804,12.3,9.5,Fine roots,0.0066,0.3568,0.057418365,0.008008855,0.0654,0.877675841
236,6-sap flow,55,283,3/5/2020,B1,C,2m,984,18.2,14.9,Fine roots,0.0037,0.3438,0.067973856,0.0740973,0.1421,0.478536242
264,6-sap flow,55,283,3/5/2020,B4,C,2m,1,19.7,13.5,Fine roots,0.0048,0.3295,0.065266486,0.001760646,0.0671,0.973174367
318,7-leaf out II,107,335,4/16/2020,B4,C,2m,5,8.3,10.3,Fine roots,0.0006,0.3213,0.059674905,0.005750326,0.0655,0.911450382
294,7-leaf out II,107,335,4/16/2020,B3,C,2m,782,9.7,12.5,Fine roots,0.0001,0.3669,0.062396352,0.015252088,0.0777,0.803088803
310,7-leaf out II,107,335,4/16/2020,B4,C,2m,2,11,10.7,Fine roots,0.0043,0.3169,0.035323049,0.0026144,0.0379,0.931398417
302,7-leaf out II,107,335,4/16/2020,B3,C,2m,786,11.8,10,Fine roots,0.001,0.3402,0.032062916,0.005109388,0.0372,0.862903226
278,7-leaf out II,107,335,4/16/2020,B1,C,2m,962,13.2,13.4,Fine roots,0.003,0.3466,0.037815126,0.029230976,0.067,0.564179104
286,7-leaf out II,107,335,4/16/2020,B1,C,2m,964,14.1,14.5,Fine roots,0.0045,0.3688,0.046985279,0.00736931,0.0544,0.863970588
3,1-leaf out,111,1,4/21/2019,B1,C,2m,975,6.1,9.8,Leaves,0.0171,0.3942,0.055371032,0,0.0554,1
43,1-leaf out,111,1,4/21/2019,B4,C,2m,10,9.4,11.5,Leaves,0.01115,0.3818,0.061826343,0.000112229,0.0619,0.998384491
27,1-leaf out,111,1,4/21/2019,B3,C,2m,802,11.3,11.2,Leaves,0.0168,0.3794,0.055209265,0,0.0552,1
19,1-leaf out,111,1,4/21/2019,B3,C,2m,800,11.5,11.6,Leaves,0.0171,0.3639,0.06032824,0,0.0603,1
35,1-leaf out,111,1,4/21/2019,B4,C,2m,3,12.7,11,Leaves,0.02035,0.38075,0.058993443,0.000398391,0.0594,0.993265993
11,1-leaf out,111,1,4/21/2019,B1,C,2m,983,14.2,16,Leaves,0.0261,0.3996,0.06234931,0,0.0623,1
83,2-shoot expansion,156,45,6/5/2019,B4,C,2m,16,8.5,11.9,Leaves,0.012,0.3908,0.086705653,0.019688828,0.1064,0.814849624
67,2-shoot expansion,156,45,6/5/2019,B3,C,2m,789,9.8,10.3,Leaves,0.0169,0.41,0.081099922,0.003097328,0.0842,0.963182898
59,2-shoot expansion,156,45,6/5/2019,B1,C,2m,988,11.8,14.2,Leaves,0.0145,0.3774,0.096371334,0.031634616,0.128,0.753125
75,2-shoot expansion,156,45,6/5/2019,B3,C,2m,794,12.8,11.2,Leaves,0.0148,0.3644,0.085466918,0.006033917,0.0915,0.93442623
51,2-shoot expansion,156,45,6/5/2019,B1,C,2m,971,13.1,11.6,Leaves,0.0166,0.4246,0.068383951,0.004887707,0.0733,0.933151432
91,2-shoot expansion,156,45,6/5/2019,B4,C,2m,23,15.6,12.3,Leaves,0.0153,0.4207,0.09395396,0.004879143,0.0989,0.950455005
115,3-bud set,233,122,8/21/2019,B3,C,2m,787,7.3,10.2,Leaves,0.0152,0.4513,0.111642743,0.020046008,0.1316,0.848024316
99,3-bud set,233,122,8/21/2019,B1,C,2m,968,7.4,10.9,Leaves,0.0139,0.4591,0.095891524,0.000649082,0.0965,0.993782383
107,3-bud set,233,122,8/21/2019,B1,C,2m,981,10.1,12.4,Leaves,0.0097,0.3969,0.113922214,0.084450368,0.1984,0.574092742
123,3-bud set,233,122,8/21/2019,B3,C,2m,795,10.6,10.3,Leaves,0.0114,0.3966,0.109049156,0.013968907,0.123,0.886178862
131,3-bud set,233,122,8/21/2019,B4,C,2m,9,11.9,10.4,Leaves,0.0107,0.4164,0.133776369,0.037633731,0.1714,0.780630105
139,3-bud set,233,122,8/21/2019,B4,C,2m,11,12.5,10.6,Leaves,0.0104,0.4426,0.118116472,0.064184157,0.1823,0.647833242
155,4-leaf fall,293,182,10/20/2019,B1,C,2m,976,7.3,11.7,Leaves,0.0053,0.3869,0.09314293,0.007296428,0.1004,0.927290837
179,4-leaf fall,293,182,10/20/2019,B4,C,2m,17,7.8,11.3,Leaves,0.0043,0.3985,0.096576392,0.004472461,0.1011,0.955489614
171,4-leaf fall,293,182,10/20/2019,B3,C,2m,788,9.3,10.5,Leaves,0.0057,0.4114,0.101057378,0.003077245,0.1042,0.97024952
147,4-leaf fall,293,182,10/20/2019,B1,C,2m,970,11,11.1,Leaves,0.0073,0.4469,0.137784243,0.031703154,0.1695,0.812979351
163,4-leaf fall,293,182,10/20/2019,B3,C,2m,783,12.8,12.5,Leaves,0.0054,0.4488,0.090102975,0.001300575,0.0914,0.985776805
187,4-leaf fall,293,182,10/20/2019,B4,C,2m,22,15.2,13.1,Leaves,0.0055,0.4063,0.108885743,0.011305356,0.1202,0.905990017
319,7-leaf out II,107,335,4/16/2020,B4,C,2m,5,8.3,10.3,Leaves,0.0082,0.4082,0.02255425,0.000249845,0.0228,0.99122807
295,7-leaf out II,107,335,4/16/2020,B3,C,2m,782,9.7,12.5,Leaves,0.0095,0.4174,0.084556343,0.000200882,0.0848,0.997641509
311,7-leaf out II,107,335,4/16/2020,B4,C,2m,2,11,10.7,Leaves,0.0045,0.43,0.058548886,0,0.0585,1
303,7-leaf out II,107,335,4/16/2020,B3,C,2m,786,11.8,10,Leaves,0.0077,0.4111,0.096202789,0,0.0962,1
279,7-leaf out II,107,335,4/16/2020,B1,C,2m,962,13.2,13.4,Leaves,0.0028,0.4096,0.086816699,0.000111465,0.0869,0.998849252
287,7-leaf out II,107,335,4/16/2020,B1,C,2m,964,14.1,14.5,Leaves,0.0045,0.4165,0.082405016,0,0.0824,1
NA,1-leaf out,111,1,4/21/2019,B1,C,2m,975,6.1,9.8,Inner bark,0.00255,0.4388,0.045612345,0.019063427,0.0647,0.704982141
NA,1-leaf out,111,1,4/21/2019,B4,C,2m,10,9.4,11.5,Inner bark,0.00315,0.44645,0.064786443,0.018946034,0.08375,0.773569463
NA,1-leaf out,111,1,4/21/2019,B3,C,2m,802,11.3,11.2,Inner bark,0.0036,0.43385,0.040162523,0.039710552,0.07995,0.502345497
NA,1-leaf out,111,1,4/21/2019,B3,C,2m,800,11.5,11.6,Inner bark,0.00435,0.4472,0.059578677,0.022329199,0.0819,0.727456368
NA,1-leaf out,111,1,4/21/2019,B4,C,2m,3,12.7,11,Inner bark,0.004575,0.458675,0.042493485,0.028207522,0.0707,0.601039385
NA,1-leaf out,111,1,4/21/2019,B1,C,2m,983,14.2,16,Inner bark,0.004,0.4311,0.053507469,0.038070289,0.0916,0.584142675
NA,2-shoot expansion,156,45,43621,B4,C,2m,16,8.5,11.9,Inner bark,0.00165,0.4382,0.038197379,0.006158219,0.04435,0.861271229
NA,2-shoot expansion,156,45,6/5/2019,B3,C,2m,789,9.8,10.3,Inner bark,NA,0.44285,0.039235503,0.002937432,0.04215,0.930854164
NA,2-shoot expansion,156,45,6/5/2019,B1,C,2m,988,11.8,14.2,Inner bark,0.0021,0.4425,0.048084249,0.000526141,0.04865,0.988370997
NA,2-shoot expansion,156,45,43621,B3,C,2m,794,12.8,11.2,Inner bark,0.0022,0.4281,0.053298694,0.001430971,0.0547,0.974381965
NA,2-shoot expansion,156,45,6/5/2019,B1,C,2m,971,13.1,11.6,Inner bark,0.0016,0.43755,0.041653329,0.000668234,0.0423,0.984712258
NA,2-shoot expansion,156,45,43621,B4,C,2m,23,15.6,12.3,Inner bark,0.0013,0.4507,0.045798426,0.001921679,0.0477,0.960134706
NA,3-bud set,233,122,8/21/2019,B3,C,2m,787,7.3,10.2,Inner bark,0.0024,0.44735,0.052099378,0.019310403,0.0714,0.729683165
NA,3-bud set,233,122,8/21/2019,B1,C,2m,968,7.4,10.9,Inner bark,0.0017,0.4225,0.041498178,0.015478784,0.057,0.728038202
NA,3-bud set,233,122,43698,B1,C,2m,981,10.1,12.4,Inner bark,0.002,0.4443,0.044819353,0.003539449,0.0483,0.927936915
NA,3-bud set,233,122,8/21/2019,B3,C,2m,795,10.6,10.3,Inner bark,0.00195,0.4304,0.054314726,0.018114859,0.0725,0.749168634
NA,3-bud set,233,122,8/21/2019,B4,C,2m,9,11.9,10.4,Inner bark,0.00115,0.43715,0.045092019,0.00977711,0.05485,0.822096964
NA,3-bud set,233,122,8/21/2019,B4,C,2m,11,12.5,10.6,Inner bark,0.00145,0.42265,0.038497638,0.023027564,0.06155,0.625469342
NA,4-leaf fall,293,182,10/20/2019,B1,C,2m,976,7.3,11.7,Inner bark,NA,NA,0.049400864,0.04456969,0.09395,0.525820798
NA,4-leaf fall,293,182,10/20/2019,B4,C,2m,17,7.8,11.3,Inner bark,NA,NA,0.049401355,0.053234191,0.10265,0.481260151
NA,4-leaf fall,293,182,10/20/2019,B3,C,2m,788,9.3,10.5,Inner bark,0.0018,0.442175,0.073055021,0.059186776,0.13225,0.552400915
NA,4-leaf fall,293,182,10/20/2019,B1,C,2m,970,11,11.1,Inner bark,0.0037,0.44055,0.043165481,0.05834232,0.1015,0.42527567
NA,4-leaf fall,293,182,10/20/2019,B3,C,2m,783,12.8,12.5,Inner bark,0.00195,0.43945,0.060701659,0.052398957,0.1131,0.53670786
NA,4-leaf fall,293,182,10/20/2019,B4,C,2m,22,15.2,13.1,Inner bark,0.0012,0.46865,0.083043982,0.050727827,0.1338,0.62065756
NA,5-dormancy,25,253,1/25/2020,B1,C,2m,982,7.7,11.9,Inner bark,0.00215,0.4013,0.141889734,0.012546265,0.15445,0.918677462
NA,5-dormancy,25,253,1/25/2020,B1,C,2m,977,9.1,12.5,Inner bark,0.00225,0.4119,0.110541227,0.00004915,0.1106,0.999468599
NA,5-dormancy,25,253,1/25/2020,B4,C,2m,8,11.4,10.1,Inner bark,0.002,0.413375,0.100717518,-0.000053859,0.1007,1.000173957
NA,5-dormancy,25,253,1/25/2020,B3,C,2m,796,11.9,10.9,Inner bark,0.0018,0.41105,0.143409705,0.000490528,0.1439,0.996592804
NA,5-dormancy,25,253,1/25/2020,B3,C,2m,801,12.3,11.2,Inner bark,0.0023,0.4175,0.131276618,-0.000163542,0.13115,1.00096544
NA,5-dormancy,25,253,1/25/2020,B4,C,2m,21,19.1,13.4,Inner bark,0.002675,0.420475,0.115524174,-0.000160233,0.1154,1.001076027
NA,6-sap flow,55,283,3/5/2020,B4,C,2m,6,6.9,9.6,Inner bark,NA,NA,0.113739424,0.001277006,0.11505,0.98860864
NA,6-sap flow,55,283,3/5/2020,B1,C,2m,989,7.2,11.5,Inner bark,0.00465,0.4597,0.121383442,0.003743418,0.12515,0.969903648
NA,6-sap flow,55,283,3/5/2020,B3,C,2m,791,10.5,10,Inner bark,0.00465,0.44205,0.116476621,0.007948481,0.1244,0.936307243
NA,6-sap flow,55,283,3/5/2020,B3,C,2m,804,12.3,9.5,Inner bark,0.0021,0.4237,0.121155537,0.003704268,0.1249,0.970020312
NA,6-sap flow,55,283,3/5/2020,B1,C,2m,984,18.2,14.9,Inner bark,NA,NA,0.12346168,0.006487977,0.12995,0.950070639
NA,6-sap flow,55,283,3/5/2020,B4,C,2m,1,19.7,13.5,Inner bark,0.00405,0.43935,0.114159912,0.009651951,0.1238,0.922131757
NA,7-leaf out II,107,335,4/16/2020,B4,C,2m,5,8.3,10.3,Inner bark,NA,NA,0.078832101,0.022809687,0.1017,0.775143569
NA,7-leaf out II,107,335,4/16/2020,B3,C,2m,782,9.7,12.5,Inner bark,NA,NA,0.056367244,0.02286232,0.07925,0.711258593
NA,7-leaf out II,107,335,4/16/2020,B3,C,2m,786,11.8,10,Inner bark,0.0002,0.45,0.072343334,0.022570807,0.09495,0.761909784
NA,7-leaf out II,107,335,43937,B1,C,2m,962,13.2,13.4,Inner bark,NA,NA,0.076086069,0.015568582,0.0916,0.830633941
NA,7-leaf out II,107,335,43937,B1,C,2m,964,14.1,14.5,Inner bark,NA,NA,0.060163592,0.02939916,0.08955,0.671843568
5,1-leaf out,111,1,4/21/2019,B1,C,2m,975,6.1,9.8,Root collar,0.0041,0.292,0.03840789,0.003779922,0.0422,0.909952607
45,1-leaf out,111,1,4/21/2019,B4,C,2m,10,9.4,11.5,Root collar,0.00615,0.4003,0.010271264,0.000667622,0.011,0.936363636
29,1-leaf out,111,1,4/21/2019,B3,C,2m,802,11.3,11.2,Root collar,0.0047,0.4034,0.050983894,0.01457183,0.0656,0.777439024
21,1-leaf out,111,1,4/21/2019,B3,C,2m,800,11.5,11.6,Root collar,0.0057,0.3857,0.063233697,0.000574277,0.0638,0.990595611
37,1-leaf out,111,1,4/21/2019,B4,C,2m,3,12.7,11,Root collar,0.00515,0.4022,0.054428345,0.001894105,0.0563,0.96625222
13,1-leaf out,111,1,4/21/2019,B1,C,2m,983,14.2,16,Root collar,0.0039,0.486,0.05384692,0.005712998,0.0595,0.904201681
85,2-shoot expansion,156,45,6/5/2019,B4,C,2m,16,8.5,11.9,Root collar,0.0026,0.3842,0.044397451,0.025324892,0.0697,0.637015782
69,2-shoot expansion,156,45,6/5/2019,B3,C,2m,789,9.8,10.3,Root collar,0.003,0.3631,0.049061204,0.007861457,0.057,0.861403509
61,2-shoot expansion,156,45,6/5/2019,B1,C,2m,988,11.8,14.2,Root collar,0.0022,0.37,0.051172595,0.008136994,0.0593,0.863406408
77,2-shoot expansion,156,45,6/5/2019,B3,C,2m,794,12.8,11.2,Root collar,0.0041,0.4013,0.051301597,0.006075897,0.0574,0.893728223
53,2-shoot expansion,156,45,6/5/2019,B1,C,2m,971,13.1,11.6,Root collar,0.0024,0.3815,0.040596128,0.017138774,0.0577,0.703639515
93,2-shoot expansion,156,45,6/5/2019,B4,C,2m,23,15.6,12.3,Root collar,0.0024,0.3595,0.054565556,0.001170976,0.0558,0.978494624
117,3-bud set,233,122,8/21/2019,B3,C,2m,787,7.3,10.2,Root collar,0.0038,0.369,0.059227671,0.003578541,0.0628,0.942675159
101,3-bud set,233,122,8/21/2019,B1,C,2m,968,7.4,10.9,Root collar,0.0027,0.3773,0.073684211,0.00250753,0.0762,0.967191601
109,3-bud set,233,122,8/21/2019,B1,C,2m,981,10.1,12.4,Root collar,0.0027,0.3744,0.056227599,0.009496306,0.0657,0.855403349
125,3-bud set,233,122,8/21/2019,B3,C,2m,795,10.6,10.3,Root collar,0.004,0.3959,0.065759637,0.004088112,0.0699,0.941344778
133,3-bud set,233,122,8/21/2019,B4,C,2m,9,11.9,10.4,Root collar,0.0035,0.3634,0.077268094,0.000596035,0.0779,0.992297818
141,3-bud set,233,122,8/21/2019,B4,C,2m,11,12.5,10.6,Root collar,0.002,0.3819,0.049019608,0.002694744,0.0517,0.947775629
157,4-leaf fall,293,182,10/20/2019,B1,C,2m,976,7.3,11.7,Root collar,0.0044,0.4575,0.039396084,0.042875092,0.0823,0.47873633
181,4-leaf fall,293,182,10/20/2019,B4,C,2m,17,7.8,11.3,Root collar,0.0002,0.4544,0.041343669,0.050934965,0.0922,0.447939262
173,4-leaf fall,293,182,10/20/2019,B3,C,2m,788,9.3,10.5,Root collar,0.0009,0.3912,0.069039914,0.048673312,0.1177,0.586236194
149,4-leaf fall,293,182,10/20/2019,B1,C,2m,970,11,11.1,Root collar,0.003,0.3846,0.047946633,0.024886053,0.0728,0.657967033
165,4-leaf fall,293,182,10/20/2019,B3,C,2m,783,12.8,12.5,Root collar,0.0011,0.3613,0.058095869,0.035949729,0.094,0.618085106
189,4-leaf fall,293,182,10/20/2019,B4,C,2m,22,15.2,13.1,Root collar,0.0015,0.3886,0.057990261,0.028795504,0.0868,0.668202765
203,5-dormancy,25,253,1/25/2020,B1,C,2m,982,7.7,11.9,Root collar,0.0021,0.3934,0.116843034,0.000322261,0.1171,0.997438087
196,5-dormancy,25,253,1/25/2020,B1,C,2m,977,9.1,12.5,Root collar,0.0018,0.3933,0.081289081,0.000468743,0.0818,0.993887531
224,5-dormancy,25,253,1/25/2020,B4,C,2m,8,11.4,10.1,Root collar,0.0021,0.4003,0.015904573,0.000430536,0.0163,0.975460123
210,5-dormancy,25,253,1/25/2020,B3,C,2m,796,11.9,10.9,Root collar,0.0028,0.3134,0.099415205,0.000589545,0.1,0.994
217,5-dormancy,25,253,1/25/2020,B3,C,2m,801,12.3,11.2,Root collar,0.0012,0.4095,0.036876356,0.00046976,0.0374,0.986631016
231,5-dormancy,25,253,1/25/2020,B4,C,2m,21,19.1,13.4,Root collar,0.00265,0.41115,0.085958005,0.000426298,0.0864,0.99537037
273,6-sap flow,55,283,3/5/2020,B4,C,2m,6,6.9,9.6,Root collar,0.0043,0.3607,0.071176885,0.000801224,0.072,0.988888889
245,6-sap flow,55,283,3/5/2020,B1,C,2m,989,7.2,11.5,Root collar,0.0038,0.4097,0.049405494,0.000399556,0.0498,0.991967871
252,6-sap flow,55,283,3/5/2020,B3,C,2m,791,10.5,10,Root collar,0.0001,0.3889,0.07723064,0.000717763,0.0779,0.991014121
259,6-sap flow,55,283,3/5/2020,B3,C,2m,804,12.3,9.5,Root collar,0.0044,0.3892,0.109278351,0.001339543,0.1106,0.988245931
238,6-sap flow,55,283,3/5/2020,B1,C,2m,984,18.2,14.9,Root collar,NA,NA,0.073036398,0.000700084,0.0737,0.990502035
266,6-sap flow,55,283,3/5/2020,B4,C,2m,1,19.7,13.5,Root collar,0.0041,0.429,0.077756119,0.000633215,0.0784,0.992346939
321,7-leaf out II,107,335,4/16/2020,B4,C,2m,5,8.3,10.3,Root collar,0.0047,0.4003,0.072735386,0.003261437,0.076,0.956578947
297,7-leaf out II,107,335,4/16/2020,B3,C,2m,782,9.7,12.5,Root collar,NA,NA,0.050430504,0.001198669,0.0516,0.976744186
313,7-leaf out II,107,335,4/16/2020,B4,C,2m,2,11,10.7,Root collar,NA,NA,0.053189092,0.000658903,0.0539,0.987012987
305,7-leaf out II,107,335,4/16/2020,B3,C,2m,786,11.8,10,Root collar,NA,NA,0.074311491,0.001041151,0.0753,0.986719788
281,7-leaf out II,107,335,4/16/2020,B1,C,2m,962,13.2,13.4,Root collar,0.0008,0.4109,0.083800187,0.002274784,0.0861,0.973286876
289,7-leaf out II,107,335,4/16/2020,B1,C,2m,964,14.1,14.5,Root collar,NA,NA,0.056196581,0.000728806,0.0569,0.987697715
7,1-leaf out,111,1,4/21/2019,B1,C,2m,975,6.1,9.8,Twigs,0.0047,0.4508,0.033931142,0.004200934,0.0381,0.88976378
47,1-leaf out,111,1,4/21/2019,B4,C,2m,10,9.4,11.5,Twigs,0.0059,0.4239,0.042968195,0.052113776,0.0951,0.452155626
31,1-leaf out,111,1,4/21/2019,B3,C,2m,802,11.3,11.2,Twigs,0.00795,0.43355,0.035926875,0.036292342,0.0722,0.497229917
23,1-leaf out,111,1,4/21/2019,B3,C,2m,800,11.5,11.6,Twigs,0.008,0.4553,0.04090683,0.026080117,0.067,0.610447761
39,1-leaf out,111,1,4/21/2019,B4,C,2m,3,12.7,11,Twigs,0.00805,0.46485,0.045097062,0.024408374,0.0695,0.648920863
15,1-leaf out,111,1,4/21/2019,B1,C,2m,983,14.2,16,Twigs,0.0062,0.4269,0.042398732,0.054736246,0.0971,0.436663234
87,2-shoot expansion,156,45,6/5/2019,B4,C,2m,16,8.5,11.9,Twigs,0.0034,0.4472,0.065529572,0,0.0655,1
71,2-shoot expansion,156,45,6/5/2019,B3,C,2m,789,9.8,10.3,Twigs,0.0058,0.4248,0.052648198,0.000202559,0.0528,0.996212121
63,2-shoot expansion,156,45,6/5/2019,B1,C,2m,988,11.8,14.2,Twigs,0.0072,0.3977,0.082082734,0.000903045,0.083,0.989156627
79,2-shoot expansion,156,45,6/5/2019,B3,C,2m,794,12.8,11.2,Twigs,0.0067,0.449,0.062954643,0.000209639,0.0632,0.996835443
55,2-shoot expansion,156,45,6/5/2019,B1,C,2m,971,13.1,11.6,Twigs,0.0042,0.4473,0.047666139,0.000209233,0.0479,0.995824635
95,2-shoot expansion,156,45,6/5/2019,B4,C,2m,23,15.6,12.3,Twigs,0.0042,0.4459,0.058022142,0.001480519,0.0595,0.974789916
119,3-bud set,233,122,8/21/2019,B3,C,2m,787,7.3,10.2,Twigs,0.0045,0.4238,0.066655125,0.002786833,0.0695,0.95971223
103,3-bud set,233,122,8/21/2019,B1,C,2m,968,7.4,10.9,Twigs,0.0029,0.4341,0.060638696,0.007806533,0.0684,0.885964912
111,3-bud set,233,122,8/21/2019,B1,C,2m,981,10.1,12.4,Twigs,0.0034,0.4162,0.086004666,0.006663933,0.0927,0.92772384
127,3-bud set,233,122,8/21/2019,B3,C,2m,795,10.6,10.3,Twigs,0.003,0.4314,0.070358187,0.018062675,0.0885,0.795480226
135,3-bud set,233,122,8/21/2019,B4,C,2m,9,11.9,10.4,Twigs,0.0028,0.4495,0.068551627,0.03359528,0.1022,0.671232877
143,3-bud set,233,122,8/21/2019,B4,C,2m,11,12.5,10.6,Twigs,0.0028,0.4334,0.077803762,0.032883114,0.1107,0.702800361
159,4-leaf fall,293,182,10/20/2019,B1,C,2m,976,7.3,11.7,Twigs,0.0016,0.4052,0.04386984,0.022935318,0.0668,0.657185629
183,4-leaf fall,293,182,10/20/2019,B4,C,2m,17,7.8,11.3,Twigs,0.0006,0.4539,0.063513132,0.006734847,0.0702,0.904558405
175,4-leaf fall,293,182,10/20/2019,B3,C,2m,788,9.3,10.5,Twigs,0.0029,0.431,0.051002213,0.024806535,0.0758,0.672823219
151,4-leaf fall,293,182,10/20/2019,B1,C,2m,970,11,11.1,Twigs,0.0022,0.4338,0.057116057,0.034811114,0.0919,0.62132753
167,4-leaf fall,293,182,10/20/2019,B3,C,2m,783,12.8,12.5,Twigs,0.0025,0.4343,0.049221391,0.0611803,0.1104,0.445652174
191,4-leaf fall,293,182,10/20/2019,B4,C,2m,22,15.2,13.1,Twigs,0.002,0.4599,0.049853091,0.062082021,0.112,0.445535714
205,5-dormancy,25,253,1/25/2020,B1,C,2m,982,7.7,11.9,Twigs,0.0035,0.4646,0.10287862,0.013765285,0.1167,0.881748072
198,5-dormancy,25,253,1/25/2020,B1,C,2m,977,9.1,12.5,Twigs,0.0008,0.4506,0.012504044,0.000224758,0.0127,0.984251969
226,5-dormancy,25,253,1/25/2020,B4,C,2m,8,11.4,10.1,Twigs,0.0015,0.4598,0.098554448,0.003677693,0.1023,0.963831867
212,5-dormancy,25,253,1/25/2020,B3,C,2m,796,11.9,10.9,Twigs,0.0014,0.4598,0.082634762,0.004643785,0.0872,0.947247706
219,5-dormancy,25,253,1/25/2020,B3,C,2m,801,12.3,11.2,Twigs,0.0032,0.4448,0.126019274,0.009599915,0.1356,0.92920354
233,5-dormancy,25,253,1/25/2020,B4,C,2m,21,19.1,13.4,Twigs,0.0051,0.43825,0.09962406,0.000671521,0.1003,0.993020937
275,6-sap flow,55,283,3/5/2020,B4,C,2m,6,6.9,9.6,Twigs,0.0009,0.4645,0.089349218,0.007728543,0.097,0.920618557
247,6-sap flow,55,283,3/5/2020,B1,C,2m,989,7.2,11.5,Twigs,0.0031,0.4653,0.019521347,0.000211333,0.0197,0.989847716
254,6-sap flow,55,283,3/5/2020,B3,C,2m,791,10.5,10,Twigs,0.0029,0.4459,0.089303582,0.000625562,0.0899,0.993325918
261,6-sap flow,55,283,3/5/2020,B3,C,2m,804,12.3,9.5,Twigs,0.0026,0.4509,0.099451345,0.008594468,0.1081,0.920444033
240,6-sap flow,55,283,3/5/2020,B1,C,2m,984,18.2,14.9,Twigs,0.0059,0.4534,0.086186679,0.009260188,0.0955,0.902617801
268,6-sap flow,55,283,3/5/2020,B4,C,2m,1,19.7,13.5,Twigs,0.0017,0.4751,0.087033991,0.02263275,0.1096,0.79379562
323,7-leaf out II,107,335,4/16/2020,B4,C,2m,5,8.3,10.3,Twigs,0.0083,0.4512,0.026991428,-0.000227556,0.0268,1.007462687
299,7-leaf out II,107,335,4/16/2020,B3,C,2m,782,9.7,12.5,Twigs,0.0022,0.4541,0.065855263,0.003180772,0.0691,0.953690304
315,7-leaf out II,107,335,4/16/2020,B4,C,2m,2,11,10.7,Twigs,0.0026,0.5073,0.072498269,0.022781649,0.0953,0.760755509
307,7-leaf out II,107,335,4/16/2020,B3,C,2m,786,11.8,10,Twigs,0.0011,0.4888,0.06826575,0.038021661,0.1063,0.642521167
283,7-leaf out II,107,335,4/16/2020,B1,C,2m,962,13.2,13.4,Twigs,0.0026,0.475,0.064977258,0.011122933,0.0761,0.85413929
291,7-leaf out II,107,335,4/16/2020,B1,C,2m,964,14.1,14.5,Twigs,0.0001,0.4789,0.067341112,0.04311391,0.1104,0.609601449
C01,2-shoot expansion,156,45,6/28/2019,NA,NA,NA,2C,15.2,9.9,Inner bark,NA,NA,0.0464,0.0005,0.0469,0.989339019
C02,2-shoot expansion,156,45,6/28/2019,NA,NA,NA,2C,15.2,9.9,Xylem,NA,NA,0.0073,0.0003,0.0076,0.960526316
C03,2-shoot expansion,156,45,6/26/2019,NA,NA,NA,2D,11.6,8.4,Inner bark,NA,NA,0.0389,0.0003,0.0392,0.992346939
C04,2-shoot expansion,156,45,6/26/2019,NA,NA,NA,2D,11.6,8.4,Xylem,NA,NA,0.0048,0.0002,0.005,0.96
C05,2-shoot expansion,156,45,6/26/2019,NA,NA,NA,3C,10.1,10,Inner bark,NA,NA,0.0557,0.0007,0.0564,0.987588652
C06,2-shoot expansion,156,45,6/26/2019,NA,NA,NA,3C,10.1,10,Xylem,NA,NA,0.011,0.0003,0.0113,0.973451327
C07,2-shoot expansion,156,45,6/27/2019,NA,NA,NA,4C,11.5,8.8,Inner bark,NA,NA,0.0576,0.0135,0.0711,0.810126582
C08,2-shoot expansion,156,45,6/27/2019,NA,NA,NA,4C,11.5,8.8,Xylem,NA,NA,0.0102,0.0014,0.0116,0.879310345
C09,2-shoot expansion,156,45,7/23/2019,NA,NA,NA,5A,7.4,9.3,Inner bark,NA,NA,0.0491,0.0011,0.0502,0.978087649
C10,2-shoot expansion,156,45,7/23/2019,NA,NA,NA,5A,7.4,9.3,Xylem,NA,NA,0.0112,0.0003,0.0115,0.973913043
C11,2-shoot expansion,156,45,7/24/2019,NA,NA,NA,10H,13.2,8.6,Inner bark,NA,NA,0.0603,0.002,0.0623,0.967897271
C12,2-shoot expansion,156,45,7/24/2019,NA,NA,NA,10H,13.2,8.6,Xylem,NA,NA,0.0202,0.0027,0.0229,0.88209607
C13,4-leaf fall,293,182,10/11/2020,B1,C,2m,972,10.8,12.8,Inner bark,NA,NA,0.0751,0.0332,0.1083,0.693444137
C14,4-leaf fall,293,182,10/11/2020,B1,C,2m,972,10.8,12.8,Xylem,NA,NA,0.0191,0.0232,0.0423,0.451536643
C15,4-leaf fall,293,182,10/11/2020,B1,C,2m,990,10.8,11.8,Inner bark,NA,NA,0.0772,0.0307,0.1079,0.715477294
C16,4-leaf fall,293,182,10/11/2020,B1,C,2m,990,10.8,11.8,Xylem,NA,NA,0.0162,0.0202,0.0364,0.445054945
C17,4-leaf fall,293,182,10/11/2020,B3,C,2m,793,13.6,10.3,Inner bark,NA,NA,0.0535,0.0257,0.0792,0.675505051
C18,4-leaf fall,293,182,10/11/2020,B3,C,2m,793,13.6,10.3,Xylem,NA,NA,0.0158,0.0178,0.0336,0.470238095
C19,4-leaf fall,293,182,10/11/2020,B3,C,2m,799,11.9,7.7,Inner bark,NA,NA,0.0556,0.0311,0.0867,0.641291811
C20,4-leaf fall,293,182,10/11/2020,B3,C,2m,799,11.9,7.7,Xylem,NA,NA,0.0214,0.0149,0.0363,0.58953168
C21,4-leaf fall,293,182,10/11/2020,B4,C,2m,13,11.80889495,11.2,Inner bark,NA,NA,0.0757,0.0516,0.1273,0.594658288
C22,4-leaf fall,293,182,10/11/2020,B4,C,2m,13,11.80889495,11.2,Xylem,NA,NA,0.0179,0.027,0.0449,0.398663697
C23,4-leaf fall,293,182,10/11/2020,B4,C,2m,18,13.5,13.7,Inner bark,NA,NA,0.0483,0.0283,0.0766,0.630548303
C24,4-leaf fall,293,182,10/11/2020,B4,C,2m,18,13.5,13.7,Xylem,NA,NA,0.0175,0.0249,0.0424,0.412735849
